[
    {
        "id": 2,
        "username": "Alice",
        "moviesWatched": [
            { "movieId": 101, "rating": 4.5 },
            { "movieId": 102, "rating": 3.8 },
            { "movieId": 103, "rating": 4.0 },
            { "movieId": 104, "rating": 2.5 },
            { "movieId": 105, "rating": 4.7 },
            { "movieId": 106, "rating": 3.9 },
            { "movieId": 107, "rating": 5.0 }
        ]
    },
    {
        "id": 3,
        "username": "Bob",
        "moviesWatched": [
            { "movieId": 2201, "rating": 3.5 },
            { "movieId": 6202, "rating": 4.2 },
            { "movieId": 4203, "rating": 4.8 },
            { "movieId": 2204, "rating": 2.9 },
            { "movieId": 1205, "rating": 3.6 },
            { "movieId": 7206, "rating": 4.4 },
            { "movieId": 3207, "rating": 5.0 }
        ]
    },
    {
        "id": 4,
        "username": "Charlie",
        "moviesWatched": [
            { "movieId": 3301, "rating": 4.0 },
            { "movieId": 3402, "rating": 3.0 },
            { "movieId": 3703, "rating": 4.3 },
            { "movieId": 3804, "rating": 5.0 },
            { "movieId": 3205, "rating": 2.8 },
            { "movieId": 3106, "rating": 4.1 },
            { "movieId": 3207, "rating": 3.9 }
        ]
    },
    {
        "id": 5,
        "username": "Diana",
        "moviesWatched": [
            { "movieId": 4901, "rating": 3.2 },
            { "movieId": 4402, "rating": 4.5 },
            { "movieId": 4503, "rating": 4.0 },
            { "movieId": 4204, "rating": 3.8 },
            { "movieId": 4505, "rating": 4.9 },
            { "movieId": 4606, "rating": 2.6 },
            { "movieId": 4607, "rating": 4.3 }
        ]
    },
    {
        "id": 6,
        "username": "Eve",
        "moviesWatched": [
            { "movieId": 3501, "rating": 4.7 },
            { "movieId": 2502, "rating": 3.4 },
            { "movieId": 1503, "rating": 4.9 },
            { "movieId": 7504, "rating": 2.5 },
            { "movieId": 3505, "rating": 4.8 },
            { "movieId": 2506, "rating": 3.2 },
            { "movieId": 1507, "rating": 5.0 }
        ]
    },
    {
        "id": 7,
        "username": "Frank",
        "moviesWatched": [
            { "movieId": 6061, "rating": 3.9 },
            { "movieId": 6042, "rating": 4.4 },
            { "movieId": 6033, "rating": 4.1 },
            { "movieId": 6094, "rating": 3.6 },
            { "movieId": 6035, "rating": 5.0 },
            { "movieId": 4606, "rating": 4.2 },
            { "movieId": 2607, "rating": 4.8 }
        ]
    }
]
